id,value
LINCS Proteomics Peptides,
LINCS Proteomics Peptides;PCCSE,
LINCS Proteomics Peptides;PCCSE;GCP,
LINCS Proteomics Peptides;PCCSE;GCP;T[+56]K[+56]QTAR,1
LINCS Proteomics Peptides;PCCSE;GCP;T[+56]K[+70]QTAR,2
LINCS Proteomics Peptides;PCCSE;GCP;T[+56]K[+28]QTAR,3
LINCS Proteomics Peptides;PCCSE;GCP;T[+56]K[+42]QTAR,4
LINCS Proteomics Peptides;PCCSE;GCP;T[+56]K[+42]QTAR,5
LINCS Proteomics Peptides;PCCSE;GCP;K[+112.1]STGGK[+56]APR,6
LINCS Proteomics Peptides;PCCSE;GCP;K[+126.1]STGGK[+56]APR,7
LINCS Proteomics Peptides;PCCSE;GCP;K[+84.1]STGGK[+56]APR,8
LINCS Proteomics Peptides;PCCSE;GCP;K[+98.1]STGGK[+56]APR,9
LINCS Proteomics Peptides;PCCSE;GCP;K[+98]STGGK[+56]APR,10
LINCS Proteomics Peptides;PCCSE;GCP;K[+112.1]STGGK[+42]APR,11
LINCS Proteomics Peptides;PCCSE;GCP;K[+126.1]STGGK[+42]APR,12
LINCS Proteomics Peptides;PCCSE;GCP;K[+84.1]STGGK[+42]APR,13
LINCS Proteomics Peptides;PCCSE;GCP;K[+98.1]STGGK[+42]APR,14
LINCS Proteomics Peptides;PCCSE;GCP;K[+98]STGGK[+42]APR,15
LINCS Proteomics Peptides;PCCSE;GCP;K[+112.1]S[+80]TGGK[+56]APR,16
LINCS Proteomics Peptides;PCCSE;GCP;K[+126.1]S[+80]TGGK[+56]APR,17
LINCS Proteomics Peptides;PCCSE;GCP;K[+84.1]S[+80]TGGK[+56]APR,18
LINCS Proteomics Peptides;PCCSE;GCP;K[+98.1]S[+80]TGGK[+56]APR,19
LINCS Proteomics Peptides;PCCSE;GCP;K[+98]S[+80]TGGK[+56]APR,20
LINCS Proteomics Peptides;PCCSE;GCP;K[+112.1]S[+80]TGGK[+42]APR,21
LINCS Proteomics Peptides;PCCSE;GCP;K[+126.1]S[+80]TGGK[+42]APR,22
LINCS Proteomics Peptides;PCCSE;GCP;K[+84.1]S[+80]TGGK[+42]APR,23
LINCS Proteomics Peptides;PCCSE;GCP;K[+98.1]S[+80]TGGK[+42]APR,24
LINCS Proteomics Peptides;PCCSE;GCP;K[+98]S[+80]TGGK[+42]APR,25
LINCS Proteomics Peptides;PCCSE;GCP;K[+112.1]QLATK[+56]AAR,26
LINCS Proteomics Peptides;PCCSE;GCP;...,27
LINCS Proteomics Peptides;PCCSE;P100,
LINCS Proteomics Peptides;PCCSE;P100;IYQY[+80]IQSR,62
LINCS Proteomics Peptides;PCCSE;P100;TPKDS[+80]PGIPPSANAHQLFR,63
LINCS Proteomics Peptides;PCCSE;P100;RNS[+80]SEASSGDFLDLK,64
LINCS Proteomics Peptides;PCCSE;P100;LPLVPES[+80]PRR,65
LINCS Proteomics Peptides;PCCSE;P100;ANAS[+80]PQKPLDLK,66
LINCS Proteomics Peptides;PCCSE;P100;SMS[+80]VDLSHIPLKDPLLFK,67
LINCS Proteomics Peptides;PCCSE;P100;LENS[+80]PLGEALR,68
LINCS Proteomics Peptides;PCCSE;P100;ANS[+80]FVGTAQYVSPELLTEK,69
LINCS Proteomics Peptides;PCCSE;P100;TNPPTQKPPS[+80]PPMSGR,70
LINCS Proteomics Peptides;PCCSE;P100;SNS[+80]LPHSAVSNAGSK,71
LINCS Proteomics Peptides;PCCSE;P100;VGS[+80]LDNVGHLPAGGAVK,72
LINCS Proteomics Peptides;PCCSE;P100;S[+80]PTGPSNSFLANMGGTVAHK,73
LINCS Proteomics Peptides;PCCSE;P100;S[+80]LTAHSLLPLAEK,74
LINCS Proteomics Peptides;PCCSE;P100;AAPEAS[+80]SPPASPLQHLLPGK,75
LINCS Proteomics Peptides;PCCSE;P100;S[+122]DKPDMAEIEKFDK,76
LINCS Proteomics Peptides;PCCSE;P100;S[+122]DKPDM[+16]AEIEKFDK,77
LINCS Proteomics Peptides;PCCSE;P100;LQS[+80]EPESIR,78
LINCS Proteomics Peptides;PCCSE;P100;SLS[+80]LGDKEISR,79
LINCS Proteomics Peptides;PCCSE;P100;DLVQPDKPAS[+80]PK,80
LINCS Proteomics Peptides;PCCSE;P100;S[+80]FAGNLNTYKR,81
LINCS Proteomics Peptides;PCCSE;P100;SPS[+80]PAHLPDDPKVAEK,82
LINCS Proteomics Peptides;PCCSE;P100;RLIS[+80]PYKK,83
LINCS Proteomics Peptides;PCCSE;P100;S[+80]IQDLTVTGTEPGQVSSR,84
LINCS Proteomics Peptides;PCCSE;P100;HRPS[+80]PPATPPPK,85
LINCS Proteomics Peptides;PCCSE;P100;IHS[+80]PIIR,86
LINCS Proteomics Peptides;PCCSE;P100;LHS[+80]APNLSDLHVVRPK,87
LINCS Proteomics Peptides;PCCSE;P100;TFS[+80]LTEVR,88
LINCS Proteomics Peptides;PCCSE;P100;SLVGS[+80]WLK,89
LINCS Proteomics Peptides;PCCSE;P100;...,90
LINCS Proteomics Peptides;NeuroLINCS,
LINCS Proteomics Peptides;NeuroLINCS;TLGRRDS[+80]SDDWEIPDGQITVGQR,91
LINCS Proteomics Peptides;NeuroLINCS;S[+80]PPAPGLQPMR,92
LINCS Proteomics Peptides;NeuroLINCS;S[+80]PPAPGLQPM[+16]R,93
LINCS Proteomics Peptides;NeuroLINCS;LAS[+80]PELER,94
LINCS Proteomics Peptides;NeuroLINCS;IGPLGLS[+80]PK,95
LINCS Proteomics Peptides;NeuroLINCS;TPS[+80]IQPSLLPHAAPFAK,96
LINCS Proteomics Peptides;NeuroLINCS;A[+42]TTATMATSGS[+80]AR,97
LINCS Proteomics Peptides;NeuroLINCS;A[+42]TTATM[+16]ATSGS[+80]AR,98
LINCS Proteomics Peptides;NeuroLINCS;HAS[+80]PILPITEFSDIPR,99
LINCS Proteomics Peptides;NeuroLINCS;LIPGPLS[+80]PVAR,100
LINCS Proteomics Peptides;NeuroLINCS;LGMLS[+80]PEGTC[+57]K,101
LINCS Proteomics Peptides;NeuroLINCS;LGM[+16]LS[+80]PEGTC[+57]K,102
LINCS Proteomics Peptides;NeuroLINCS;ISNLS[+80]PEEEQGLWK,103
LINCS Proteomics Peptides;NeuroLINCS;RRLS[+80]SLR,104
LINCS Proteomics Peptides;NeuroLINCS;VSMPDVELNLKS[+80]PK,105
LINCS Proteomics Peptides;NeuroLINCS;S[+122]DNGELEDKPPAPPVR,106
LINCS Proteomics Peptides;NeuroLINCS;KAYS[+80]FC[+57]GTVEYMAPEVVNR,107
LINCS Proteomics Peptides;NeuroLINCS;KAYS[+80]FC[+57]GTVEYM[+16]APEVVNR,108
LINCS Proteomics Peptides;NeuroLINCS;HVSRS[+80]PTRPR,109
LINCS Proteomics Peptides;NeuroLINCS;RPHS[+80]PEKAFSSNPVVR,110
LINCS Proteomics Peptides;NeuroLINCS;KPNIFYSGPAS[+80]PARPR,111
LINCS Proteomics Peptides;NeuroLINCS;NDS[+80]WGSFDLR,112
LINCS Proteomics Peptides;NeuroLINCS;LEVTEIVKPS[+80]PK,113
LINCS Proteomics Peptides;NeuroLINCS;YGS[+80]PPQRDPNWNGER,114
LINCS Proteomics Peptides;NeuroLINCS;QDDS[+80]PPRPIIGPALPPGFIK,115
LINCS Proteomics Peptides;NeuroLINCS;SFS[+80]ADNFIGIQR,116
LINCS Proteomics Peptides;NeuroLINCS;TEFLDLDNSPLSPPS[+80]PR,117
LINCS Proteomics Peptides;NeuroLINCS;VLS[+80]PLIIK,118
LINCS Proteomics Peptides;NeuroLINCS;AGS[+80]PDVLR,119
LINCS Proteomics Peptides;NeuroLINCS;LGPGRPLPTFPTSEC[+57]TS[+80]DVEPDTR,120
LINCS Proteomics Peptides;NeuroLINCS;QGSGRES[+80]PSLASR,121
LINCS Proteomics Peptides;NeuroLINCS;LAAPSVSHVS[+80]PR,122
LINCS Proteomics Peptides;NeuroLINCS;VDDDS[+80]LGEFPVTNSR,123
LINCS Proteomics Peptides;NeuroLINCS;...,123
LINCS Proteomics Peptides;RPPA,
LINCS Proteomics Peptides;RPPA;TLGRRDS[+80]SDDWEIPDGQITVGQR,91
LINCS Proteomics Peptides;RPPA;S[+80]PPAPGLQPMR,92
LINCS Proteomics Peptides;RPPA;S[+80]PPAPGLQPM[+16]R,93
LINCS Proteomics Peptides;RPPA;LAS[+80]PELER,94
LINCS Proteomics Peptides;RPPA;IGPLGLS[+80]PK,95
LINCS Proteomics Peptides;RPPA;TPS[+80]IQPSLLPHAAPFAK,96
LINCS Proteomics Peptides;RPPA;A[+42]TTATMATSGS[+80]AR,97
LINCS Proteomics Peptides;RPPA;A[+42]TTATM[+16]ATSGS[+80]AR,98
LINCS Proteomics Peptides;RPPA;HAS[+80]PILPITEFSDIPR,99
LINCS Proteomics Peptides;RPPA;LIPGPLS[+80]PVAR,100
LINCS Proteomics Peptides;RPPA;LGMLS[+80]PEGTC[+57]K,101
LINCS Proteomics Peptides;RPPA;LGM[+16]LS[+80]PEGTC[+57]K,102
LINCS Proteomics Peptides;RPPA;ISNLS[+80]PEEEQGLWK,103
LINCS Proteomics Peptides;RPPA;RRLS[+80]SLR,104
LINCS Proteomics Peptides;RPPA;VSMPDVELNLKS[+80]PK,105
LINCS Proteomics Peptides;RPPA;S[+122]DNGELEDKPPAPPVR,106
LINCS Proteomics Peptides;RPPA;KAYS[+80]FC[+57]GTVEYMAPEVVNR,107
LINCS Proteomics Peptides;RPPA;KAYS[+80]FC[+57]GTVEYM[+16]APEVVNR,108
LINCS Proteomics Peptides;RPPA;HVSRS[+80]PTRPR,109
LINCS Proteomics Peptides;RPPA;RPHS[+80]PEKAFSSNPVVR,110
LINCS Proteomics Peptides;RPPA;KPNIFYSGPAS[+80]PARPR,111
LINCS Proteomics Peptides;RPPA;NDS[+80]WGSFDLR,112
LINCS Proteomics Peptides;RPPA;LEVTEIVKPS[+80]PK,113
LINCS Proteomics Peptides;RPPA;YGS[+80]PPQRDPNWNGER,114
LINCS Proteomics Peptides;RPPA;QDDS[+80]PPRPIIGPALPPGFIK,115
LINCS Proteomics Peptides;RPPA;SFS[+80]ADNFIGIQR,116
LINCS Proteomics Peptides;RPPA;TEFLDLDNSPLSPPS[+80]PR,117
LINCS Proteomics Peptides;RPPA;VLS[+80]PLIIK,118
LINCS Proteomics Peptides;RPPA;AGS[+80]PDVLR,119
LINCS Proteomics Peptides;RPPA;LGPGRPLPTFPTSEC[+57]TS[+80]DVEPDTR,120
LINCS Proteomics Peptides;RPPA;QGSGRES[+80]PSLASR,121
LINCS Proteomics Peptides;RPPA;LAAPSVSHVS[+80]PR,122
LINCS Proteomics Peptides;RPPA;VDDDS[+80]LGEFPVTNSR,123
LINCS Proteomics Peptides;DToxS,
LINCS Proteomics Peptides;DToxS;TLGRRDS[+80]SDDWEIPDGQITVGQR,91
LINCS Proteomics Peptides;DToxS;S[+80]PPAPGLQPMR,92
LINCS Proteomics Peptides;DToxS;S[+80]PPAPGLQPM[+16]R,93
LINCS Proteomics Peptides;DToxS;LAS[+80]PELER,94
LINCS Proteomics Peptides;DToxS;IGPLGLS[+80]PK,95
LINCS Proteomics Peptides;DToxS;TPS[+80]IQPSLLPHAAPFAK,96
LINCS Proteomics Peptides;DToxS;A[+42]TTATMATSGS[+80]AR,97
LINCS Proteomics Peptides;DToxS;A[+42]TTATM[+16]ATSGS[+80]AR,98
LINCS Proteomics Peptides;DToxS;HAS[+80]PILPITEFSDIPR,99
LINCS Proteomics Peptides;DToxS;LIPGPLS[+80]PVAR,100
LINCS Proteomics Peptides;DToxS;LGMLS[+80]PEGTC[+57]K,101
LINCS Proteomics Peptides;DToxS;LGM[+16]LS[+80]PEGTC[+57]K,102
LINCS Proteomics Peptides;DToxS;ISNLS[+80]PEEEQGLWK,103
LINCS Proteomics Peptides;DToxS;RRLS[+80]SLR,104
LINCS Proteomics Peptides;DToxS;VSMPDVELNLKS[+80]PK,105
LINCS Proteomics Peptides;DToxS;S[+122]DNGELEDKPPAPPVR,106
LINCS Proteomics Peptides;DToxS;KAYS[+80]FC[+57]GTVEYMAPEVVNR,107
LINCS Proteomics Peptides;DToxS;KAYS[+80]FC[+57]GTVEYM[+16]APEVVNR,108
LINCS Proteomics Peptides;DToxS;HVSRS[+80]PTRPR,109
LINCS Proteomics Peptides;DToxS;RPHS[+80]PEKAFSSNPVVR,110
LINCS Proteomics Peptides;DToxS;KPNIFYSGPAS[+80]PARPR,111
LINCS Proteomics Peptides;DToxS;NDS[+80]WGSFDLR,112
LINCS Proteomics Peptides;DToxS;LEVTEIVKPS[+80]PK,113
LINCS Proteomics Peptides;DToxS;YGS[+80]PPQRDPNWNGER,114
LINCS Proteomics Peptides;DToxS;QDDS[+80]PPRPIIGPALPPGFIK,115
LINCS Proteomics Peptides;DToxS;SFS[+80]ADNFIGIQR,116
LINCS Proteomics Peptides;DToxS;TEFLDLDNSPLSPPS[+80]PR,117
LINCS Proteomics Peptides;DToxS;VLS[+80]PLIIK,118
LINCS Proteomics Peptides;DToxS;AGS[+80]PDVLR,119
LINCS Proteomics Peptides;DToxS;LGPGRPLPTFPTSEC[+57]TS[+80]DVEPDTR,120
LINCS Proteomics Peptides;DToxS;QGSGRES[+80]PSLASR,121
LINCS Proteomics Peptides;DToxS;LAAPSVSHVS[+80]PR,122
LINCS Proteomics Peptides;DToxS;...,123
