,prGeneId,prGeneSymbol,prBasePeptide,prCluster,prGeneClusterCode,prOriginalProbeId,prPhosphosite,prModifiedPeptideCode,prUniprotId
LINCS_UNIQUE_ID,,,,,,,,,
cellId,,,,,,,,,
pertDose,,,,,,,,,
pertId,,,,,,,,,
pertiname,,,,,,,,,
pertTime,,,,,,,,,
pertType,,,,,,,,,
pertVehicle,,,,,,,,,
pubchemCid,,,,,,,,,
lsmId,,,,,,,,,
10011_DYRK_Y321_IYQY[+80]IQSR,1859,DYRK1A,IYQYIQSR,CL27,DYRK_CL27,10011_DYRK_Y321,Y321,IYQY[+80]IQSR,Q13627
1024_ISPK1_S369_TPKDS[+80]PGIPPSANAHQLFR,6197,RPS6KA3,TPKDSPGIPPSANAHQLFR,CL14,ISPK1_CL14,1024_ISPK1_S369,S369,TPKDS[+80]PGIPPSANAHQLFR,P51812
1078_ARM2_S87_RNS[+80]SEASSGDFLDLK,51155,HN1,RNSSEASSGDFLDLK,CL13,ARM2_CL13,1078_ARM2_S87,S87,RNS[+80]SEASSGDFLDLK,Q9UK76
1130_HSPC216_S321_LPLVPES[+80]PRR,51530,ZC3HC1,LPLVPESPRR,CL02,HSPC216_CL02,1130_HSPC216_S321,S321,LPLVPES[+80]PRR,Q86WB0
1142_CTG26_S956_ANAS[+80]PQKPLDLK,9612,NCOR2,ANASPQKPLDLK,CL40,CTG26_CL40,1142_CTG26_S956,S956,ANAS[+80]PQKPLDLK,Q9Y618
12_KIAA0701_S935_SMS[+80]VDLSHIPLKDPLLFK,23074,KIAA0701,SMSVDLSHIPLKDPLLFK,CL15,KIAA0701_CL15,12_KIAA0701_S935,S935,SMS[+80]VDLSHIPLKDPLLFK,A0JNW5
1458_OCIA_S108_LENS[+80]PLGEALR,54940,OCIAD1,LENSPLGEALR,CL23,OCIA_CL23,1458_OCIA_S108,S108,LENS[+80]PLGEALR,Q9NX40
1503_PDK1_S241_ANS[+80]FVGTAQYVSPELLTEK,5170,PDPK1,ANSFVGTAQYVSPELLTEK,CL46,PDK1_CL46,1503_PDK1_S241,S241,ANS[+80]FVGTAQYVSPELLTEK,O15530
151_ABI1_S184_TNPPTQKPPS[+80]PPMSGR,10006,ABI1,TNPPTQKPPSPPMSGR,CL08,ABI1_CL08,151_ABI1_S184,S183,TNPPTQKPPS[+80]PPMSGR,Q8IZP0
1797_WDR20_S465_SNS[+80]LPHSAVSNAGSK,91833,WDR20,SNSLPHSAVSNAGSK,CL34,WDR20_CL34,1797_WDR20_S465,S465,SNS[+80]LPHSAVSNAGSK,E7EUY8
1811_MAP4_S2218_VGS[+80]LDNVGHLPAGGAVK,4134,MAP4,VGSLDNVGHLPAGGAVK,CL38,MAP4_CL38,1811_MAP4_S2218,S2218,VGS[+80]LDNVGHLPAGGAVK,E7EVA0
1953_RBM17_S222_S[+80]PTGPSNSFLANMGGTVAHK,84991,RBM17,SPTGPSNSFLANMGGTVAHK,CL16,RBM17_CL16,1953_RBM17_S222,S222,S[+80]PTGPSNSFLANMGGTVAHK,Q96I25
2328_IQGAP3_S1424_S[+80]LTAHSLLPLAEK,128239,IQGAP3,SLTAHSLLPLAEK,CL50,IQGAP3_CL50,2328_IQGAP3_S1424,S1424,S[+80]LTAHSLLPLAEK,Q86VI3
2577_C9orf88_S692_AAPEAS[+80]SPPASPLQHLLPGK,64855,FAM129B,AAPEASSPPASPLQHLLPGK,CL14,C9orf88_CL14,2577_C9orf88_S692,S692,AAPEAS[+80]SPPASPLQHLLPGK,Q96TA1
290_TMSL3_S2_S[+122]DKPDMAEIEKFDK,7114,TMSB4X,SDKPDMAEIEKFDK,CL03,TMSL3_CL03,290_TMSL3_S2,S2,S[+122]DKPDMAEIEKFDK,P62328
290_TMSL3_S2_S[+122]DKPDM[+16]AEIEKFDK,7114,TMSB4X,SDKPDMAEIEKFDK,CL03,TMSL3_CL03,290_TMSL3_S2,S2,S[+122]DKPDM[+16]AEIEKFDK,P62328
2948_CLTA_S105_LQS[+80]EPESIR,1211,CLTA,LQSEPESIR,CL53,CLTA_CL53,2948_CLTA_S105,S105,LQS[+80]EPESIR,P09496
296_AP1GBP1_S1075_SLS[+80]LGDKEISR,11276,AP1GBP1,SLSLGDKEISR,CL55,AP1GBP1_CL55,296_AP1GBP1_S1075,S1075,SLS[+80]LGDKEISR,Q9UMZ2
3013_ZC3H14_S515_DLVQPDKPAS[+80]PK,79882,ZC3H14,DLVQPDKPASPK,CL29,ZC3H14_CL29,3013_ZC3H14_S515,S515,DLVQPDKPAS[+80]PK,Q6PJT7
3145_PFKF_S386_S[+80]FAGNLNTYKR,5214,PFKP,SFAGNLNTYKR,CL03,PFKF_CL03,3145_PFKF_S386,S386,S[+80]FAGNLNTYKR,Q01813
3169_KIAA0217_S601_SPS[+80]PAHLPDDPKVAEK,23185,LARP5,SPSPAHLPDDPKVAEK,CL39,KIAA0217_CL39,3169_KIAA0217_S601,S601,SPS[+80]PAHLPDDPKVAEK,Q92615
3340_HAT1_S361_RLIS[+80]PYKK,8520,HAT1,RLISPYKK,CL25,HAT1_CL25,3340_HAT1_S361,S361,RLIS[+80]PYKK,O14929
3435_MAP3K7_S439_S[+80]IQDLTVTGTEPGQVSSR,6885,MAP3K7,SIQDLTVTGTEPGQVSSR,CL30,MAP3K7_CL30,3435_MAP3K7_S439,S439,S[+80]IQDLTVTGTEPGQVSSR,O43318
343_RP11-373M8.1-002_S397_HRPS[+80]PPATPPPK,10250,SRRM1,HRPSPPATPPPK,CL37,RP11-373M8.1-002_CL37,343_RP11-373M8.1-002_S397,S402,HRPS[+80]PPATPPPK,Q8IYB3
3555_BRD4_S1117_IHS[+80]PIIR,23476,BRD4,IHSPIIR,CL29,BRD4_CL29,3555_BRD4_S1117,S1117,IHS[+80]PIIR,O60885
3604_KIAA0722_S556_LHS[+80]APNLSDLHVVRPK,8408,ULK1,LHSAPNLSDLHVVRPK,CL31,KIAA0722_CL31,3604_KIAA0722_S556,S556,LHS[+80]APNLSDLHVVRPK,O75385
3738_KIF4_S801_TFS[+80]LTEVR,24137,KIF4A,TFSLTEVR,CL30,KIF4_CL30,3738_KIF4_S801,S801,TFS[+80]LTEVR,O95239
381_C22orf9_S247_SLVGS[+80]WLK,23313,C22orf9,SLVGSWLK,CL43,C22orf9_CL43,381_C22orf9_S247,S304,SLVGS[+80]WLK,Q6ICG6
38_DBP2_S103_LLEDS[+80]EESSEETVSR,8449,DHX16,LLEDSEESSEETVSR,CL41,DBP2_CL41,38_DBP2_S103,S103,LLEDS[+80]EESSEETVSR,O60231
3995_BRAF_S446_TLGRRDS[+80]SDDWEIPDGQITVGQR,673,BRAF,TLGRRDSSDDWEIPDGQITVGQR,CL26,BRAF_CL26,3995_BRAF_S446,S446,TLGRRDS[+80]SDDWEIPDGQITVGQR,P15056
4000_FOSL2_S200_S[+80]PPAPGLQPMR,2355,FOSL2,SPPAPGLQPMR,CL08,FOSL2_CL08,4000_FOSL2_S200,S200,S[+80]PPAPGLQPMR,P15408
4000_FOSL2_S200_S[+80]PPAPGLQPM[+16]R,2355,FOSL2,SPPAPGLQPMR,CL08,FOSL2_CL08,4000_FOSL2_S200,S200,S[+80]PPAPGLQPM[+16]R,P15408
4054_JUND_S100_LAS[+80]PELER,3727,JUND,LASPELER,CL53,JUND_CL53,4054_JUND_S100,S100,LAS[+80]PELER,P17535
4262_RPL12_S38_IGPLGLS[+80]PK,6136,RPL12,IGPLGLSPK,CL17,RPL12_CL17,4262_RPL12_S38,S38,IGPLGLS[+80]PK,P30050
4317_CAIN_S1012_TPS[+80]IQPSLLPHAAPFAK,8021,NUP214,TPSIQPSLLPHAAPFAK,CL35,CAIN_CL35,4317_CAIN_S1012,S1012,TPS[+80]IQPSLLPHAAPFAK,P35658
4343_DDX48_S12_A[+42]TTATMATSGS[+80]AR,9775,EIF4A3,ATTATMATSGSAR,CL18,DDX48_CL18,4343_DDX48_S12,S12,A[+42]TTATMATSGS[+80]AR,P38919
4343_DDX48_S12_A[+42]TTATM[+16]ATSGS[+80]AR,9775,EIF4A3,ATTATMATSGSAR,CL18,DDX48_CL18,4343_DDX48_S12,S12,A[+42]TTATM[+16]ATSGS[+80]AR,P38919
4382_LAP2_S306_HAS[+80]PILPITEFSDIPR,7112,TMPO,HASPILPITEFSDIPR,CL32,LAP2_CL32,4382_LAP2_S306,S306,HAS[+80]PILPITEFSDIPR,P42167
4474_BAT2_S1219_LIPGPLS[+80]PVAR,7916,BAT2,LIPGPLSPVAR,CL33,BAT2_CL33,4474_BAT2_S1219,S1219,LIPGPLS[+80]PVAR,P48634
4499_FAS_S207_LGMLS[+80]PEGTC[+57]K,2194,FASN,LGMLSPEGTCK,CL12,FAS_CL12,4499_FAS_S207,S207,LGMLS[+80]PEGTC[+57]K,P49327
4499_FAS_S207_LGM[+16]LS[+80]PEGTC[+57]K,2194,FASN,LGMLSPEGTCK,CL12,FAS_CL12,4499_FAS_S207,S207,LGM[+16]LS[+80]PEGTC[+57]K,P49327
461_FAM76B_S193_ISNLS[+80]PEEEQGLWK,143684,FAM76B,ISNLSPEEEQGLWK,CL24,FAM76B_CL24,461_FAM76B_S193,S193,ISNLS[+80]PEEEQGLWK,Q5HYJ3
4724_OK/SW-cl.2_S235_RRLS[+80]SLR,6194,RPS6,RRLSSLR,CL46,RPS6_CL46,4724_OK/SW-cl.2_S235,S235,RRLS[+80]SLR,P62753
5003_AHNAK_S3426_VSMPDVELNLKS[+80]PK,79026,AHNAK,VSMPDVELNLKSPK,CL01,AHNAK_CL01,5003_AHNAK_S3426,S3426,VSMPDVELNLKS[+80]PK,Q09666
5073_PAK2_S2_S[+122]DNGELEDKPPAPPVR,5062,PAK2,SDNGELEDKPPAPPVR,CL31,PAK2_CL31,5073_PAK2_S2,S2,S[+122]DNGELEDKPPAPPVR,Q13177
5473_MAPKAPK1A_S230_KAYS[+80]FC[+57]GTVEYMAPEVVNR,6195,RPS6KA1,KAYSFCGTVEYMAPEVVNR,CL43,MAPKAPK1A_CL43,5473_MAPKAPK1A_S230,S230,KAYS[+80]FC[+57]GTVEYMAPEVVNR,Q15418
5473_MAPKAPK1A_S230_KAYS[+80]FC[+57]GTVEYM[+16]APEVVNR,6195,RPS6KA1,KAYSFCGTVEYMAPEVVNR,CL43,MAPKAPK1A_CL43,5473_MAPKAPK1A_S230,S230,KAYS[+80]FC[+57]GTVEYM[+16]APEVVNR,Q15418
5653_ZNF672_S189_IHVSRS[+80]PTRPR,79894,ZNF672,IHVSRSPTRPR,CL07,ZNF672_CL07,5653_ZNF672_S189,S189,IHVSRS[+80]PTRPR,Q499Z4
5715_C17orf85_S500_RPHS[+80]PEKAFSSNPVVR,55421,C17orf85,RPHSPEKAFSSNPVVR,CL09,C17orf85_CL09,5715_C17orf85_S500,S500,RPHS[+80]PEKAFSSNPVVR,Q53F19
6108_ATAD2_S327_KPNIFYSGPAS[+80]PARPR,29028,ATAD2,KPNIFYSGPASPARPR,CL05,ATAD2_CL05,6108_ATAD2_S327,S327,KPNIFYSGPAS[+80]PARPR,Q6PL18
6244_KIAA1321_S652_NDS[+80]WGSFDLR,57532,NUFIP2,NDSWGSFDLR,CL42,KIAA1321_CL42,6244_KIAA1321_S652,S652,NDS[+80]WGSFDLR,Q7Z417
6267_My038_S1179_LEVTEIVKPS[+80]PK,5930,RBBP6,LEVTEIVKPSPK,CL33,My038_CL33,6267_My038_S1179,S1179,LEVTEIVKPS[+80]PK,Q7Z6E9
628_CASC3_S265_YGS[+80]PPQRDPNWNGER,22794,CASC3,YGSPPQRDPNWNGER,CL48,CASC3_CL48,628_CASC3_S265,S265,YGS[+80]PPQRDPNWNGER,O15234
6423_AD029_S105_QDDS[+80]PPRPIIGPALPPGFIK,55425,KIAA1704,QDDSPPRPIIGPALPPGFIK,CL04,AD029_CL04,6423_AD029_S105,S105,QDDS[+80]PPRPIIGPALPPGFIK,Q8IXQ4
6550_CCNYL1_S344_SFS[+80]ADNFIGIQR,151195,CCNYL1,SFSADNFIGIQR,CL45,CCNYL1_CL45,6550_CCNYL1_S344,S344,SFS[+80]ADNFIGIQR,Q8N7R7
6582_NFATC2IP_S204_TEFLDLDNSPLSPPS[+80]PR,84901,NFATC2IP,TEFLDLDNSPLSPPSPR,CL50,NFATC2IP_CL50,6582_NFATC2IP_S204,S204,TEFLDLDNSPLSPPS[+80]PR,Q8NCF5
6588_KIAA1991_S403_VLS[+80]PLIIK,254225,RNF169,VLSPLIIK,CL40,KIAA1991_CL40,6588_KIAA1991_S403,S403,VLS[+80]PLIIK,Q8NCN4
6615_TB7_S44_AGS[+80]PDVLR,283337,ZNF740,AGSPDVLR,CL49,TB7_CL49,6615_TB7_S44,S44,AGS[+80]PDVLR,Q8NDX6
6696_DDX54_S75_LGPGRPLPTFPTSEC[+57]TS[+80]DVEPDTR,79039,DDX54,LGPGRPLPTFPTSECTSDVEPDTR,CL02,DDX54_CL02,6696_DDX54_S75,S75,LGPGRPLPTFPTSEC[+57]TS[+80]DVEPDTR,Q8TDD1
6776_A2D_S339_QGSGRES[+80]PSLASR,11273,ATXN2L,QGSGRESPSLASR,CL07,A2D_CL07,6776_A2D_S339,S339,QGSGRES[+80]PSLASR,Q8WWM7
6797_AGS1_S224_LAAPSVSHVS[+80]PR,84126,ATRIP,LAAPSVSHVSPR,CL06,AGS1_CL06,6797_AGS1_S224,S224,LAAPSVSHVS[+80]PR,Q8WXE1
6902_BAF45D_S142_VDDDS[+80]LGEFPVTNSR,5977,DPF2,VDDDSLGEFPVTNSR,CL51,BAF45D_CL51,6902_BAF45D_S142,S142,VDDDS[+80]LGEFPVTNSR,Q92785
6927_BAF155_S310_NEEPVRS[+80]PERR,6599,SMARCC1,NEEPVRSPERR,CL10,BAF155_CL10,6927_BAF155_S310,S310,NEEPVRS[+80]PERR,Q92922
6930_FUBP2_S480_LFIIRGS[+80]PQQIDHAK,8570,KHSRP,LFIIRGSPQQIDHAK,CL10,FUBP2_CL10,6930_FUBP2_S480,S480,LFIIRGS[+80]PQQIDHAK,Q92945
6978_CIN85_S230_S[+80]IEVENDFLPVEK,30011,SH3KBP1,SIEVENDFLPVEK,CL55,CIN85_CL55,6978_CIN85_S230,S230,S[+80]IEVENDFLPVEK,Q96B97
7094_C13orf8_S405_TAPTLS[+80]PEHWK,283489,C13orf8,TAPTLSPEHWK,CL52,C13orf8_CL52,7094_C13orf8_S405,S405,TAPTLS[+80]PEHWK,Q96JM3
7161_RBM14_S618_RLS[+80]ESQLSFRR,10432,RBM14,RLSESQLSFRR,CL15,RBM14_CL15,7161_RBM14_S618,S618,RLS[+80]ESQLSFRR,Q96PK6
7168_ALS2_S483_RLS[+80]LPGLLSQVSPR,57679,ALS2,RLSLPGLLSQVSPR,CL28,ALS2_CL28,7168_ALS2_S483,S483,RLS[+80]LPGLLSQVSPR,Q96Q42
7173_CAT53_S313_VLS[+80]PTAAKPSPFEGK,5514,PPP1R10,VLSPTAAKPSPFEGK,CL19,CAT53_CL19,7173_CAT53_S313,S313,VLS[+80]PTAAKPSPFEGK,Q96QC0
7210_HCA90_S774_SSDQPLTVPVS[+80]PK,22974,TPX2,SSDQPLTVPVSPK,CL18,HCA90_CL18,7210_HCA90_S774,S774,SSDQPLTVPVS[+80]PK,Q96RR5
7240_HBXAP_S473_FYETKEESYS[+80]PSKDR,51773,RSF1,FYETKEESYSPSKDR,CL21,HBXAP_CL21,7240_HBXAP_S473,S473,FYETKEESYS[+80]PSKDR,Q96T23
7365_KIAA1844_S64_SDS[+80]PENKYSDSTGHSK,51322,WAC,SDSPENKYSDSTGHSK,CL44,KIAA1844_CL44,7365_KIAA1844_S64,S64,SDS[+80]PENKYSDSTGHSK,Q9BTA9
7518_KIAA1734_S515_S[+80]IPLSIK,63893,UBE2O,SIPLSIK,CL38,KIAA1734_CL38,7518_KIAA1734_S515,S515,S[+80]IPLSIK,Q9C0C9
7710_CDW2_S121_RLS[+80]QSDEDVIR,80232,WDR26,RLSQSDEDVIR,CL22,CDW2_CL22,7710_CDW2_S121,S121,RLS[+80]QSDEDVIR,Q9H7D7
7829_ANLN_S295_ATS[+80]PVKSTTSITDAK,54443,ANLN,ATSPVKSTTSITDAK,CL23,ANLN_CL23,7829_ANLN_S295,S295,ATS[+80]PVKSTTSITDAK,Q9NQW6
7849_NANS_S275_ALGS[+80]PTKQLLPC[+57]EMAC[+57]NEK,54187,NANS,ALGSPTKQLLPCEMACNEK,CL01,NANS_CL01,7849_NANS_S275,S275,ALGS[+80]PTKQLLPC[+57]EMAC[+57]NEK,Q9NR45
7934_PP8000_S203_YLLGDAPVS[+80]PSSQK,54386,TERF2IP,YLLGDAPVSPSSQK,CL51,PP8000_CL51,7934_PP8000_S203,S203,YLLGDAPVS[+80]PSSQK,Q9NYB0
8115_LRWD1_S212_ANS[+80]PEKPPEAGAAHKPR,222229,LRWD1,ANSPEKPPEAGAAHKPR,CL27,LRWD1_CL27,8115_LRWD1_S212,S212,ANS[+80]PEKPPEAGAAHKPR,Q9UFC0
8123_EPLIN_S362_SEVQQPVHPKPLS[+80]PDSR,51474,LIMA1,SEVQQPVHPKPLSPDSR,CL09,EPLIN_CL09,8123_EPLIN_S362,S362,SEVQQPVHPKPLS[+80]PDSR,Q9UHB6
8124_EPLIN_S491_ETPHS[+80]PGVEDAPIAK,51474,LIMA1,ETPHSPGVEDAPIAK,CL19,EPLIN_CL19,8124_EPLIN_S491,S491,ETPHS[+80]PGVEDAPIAK,Q9UHB6
8209_GPATC8_S1035_SQS[+80]PHYFR,23131,GPATCH8,SQSPHYFR,CL37,GPATC8_CL37,8209_GPATC8_S1035,S1035,SQS[+80]PHYFR,Q9UKJ3
8380_HSPC075_S353_TQLWASEPGT[+80]PPLPTSLPSQNPILK,23524,SRRM2,TQLWASEPGTPPLPTSLPSQNPILK,CL41,SRRM2_CL41,8380_HSPC075_S353,S353,TQLWASEPGT[+80]PPLPTSLPSQNPILK,Q9UQ35
8487_MAP3K2_S163_DRS[+80]SPPPGYIPDELHQVAR,10746,MAP3K2,DRSSPPPGYIPDELHQVAR,CL11,MAP3K2_CL11,8487_MAP3K2_S163,S163,DRS[+80]SPPPGYIPDELHQVAR,Q9Y2U5
8498_THRAP3_S253_SPALKS[+80]PLQSVVVR,9967,THRAP3,SPALKSPLQSVVVR,CL35,THRAP3_CL35,8498_THRAP3_S253,S253,SPALKS[+80]PLQSVVVR,Q9Y2W1
8541_NOC2L_S56_SPDKPGGS[+80]PSASRR,26155,NOC2L,SPDKPGGSPSASRR,CL17,NOC2L_CL17,8541_NOC2L_S56,S56,SPDKPGGS[+80]PSASRR,Q9Y3T9
8567_DCAF1_S999_HLPS[+80]PPTLDSIITEYLR,9730,VPRBP,HLPSPPTLDSIITEYLR,CL22,DCAF1_CL22,8567_DCAF1_S999,S1000,HLPS[+80]PPTLDSIITEYLR,Q9Y4B6
8879_BAT2D1_T2675_AFGSGIDIKPGT[+80]PPIAGR,23215,BAT2D1,AFGSGIDIKPGTPPIAGR,CL05,BAT2D1_CL05,8879_BAT2D1_T2675,T2675,AFGSGIDIKPGT[+80]PPIAGR,Q9Y520
8982_EMK1_T597_ST[+80]FHAGQLR,2011,MARK2,STFHAGQLR,CL34,EMK1_CL34,8982_EMK1_T597,T596,ST[+80]FHAGQLR,Q7KZI7
901_SLC38A1_S52_S[+80]LTNSHLEKK,81539,SLC38A1,SLTNSHLEKK,CL16,SLC38A1_CL16,901_SLC38A1_S52,S52,S[+80]LTNSHLEKK,Q9H2H9
920_BAT2D1_S1546_SFS[+80]SQRPVDR,23215,BAT2D1,SFSSQRPVDR,CL48,BAT2D1_CL48,920_BAT2D1_S1546,S1546,SFS[+80]SQRPVDR,Q9Y520
9285_CDC2_T161_VYT[+80]HEVVTLWYR,983,CDC2,VYTHEVVTLWYR,CL04,CDC2_CL04,9285_CDC2_T161,T161,VYT[+80]HEVVTLWYR,P06493
9379_LAP2_T160_SST[+80]PLPTISSSAENTR,7112,TMPO,SSTPLPTISSSAENTR,CL49,LAP2_CL49,9379_LAP2_T160,T160,SST[+80]PLPTISSSAENTR,P42167
9553_KIAA0035_T611_LQTPNT[+80]FPKR,9221,NOLC1,LQTPNTFPKR,CL54,KIAA0035_CL54,9553_KIAA0035_T611,T611,LQTPNT[+80]FPKR,Q14978
9561_PLEC1_T3893_QIT[+80]MEELVR,5339,PLEC1,QITMEELVR,CL47,PLEC1_CL47,9561_PLEC1_T3893,T3893,QIT[+80]MEELVR,Q15149
9561_PLEC1_T3893_QIT[+80]M[+16]EELVR,5339,PLEC1,QITMEELVR,CL47,PLEC1_CL47,9561_PLEC1_T3893,T3893,QIT[+80]M[+16]EELVR,Q15149
9940_HSPC075_T1492_ALPQT[+80]PRPR,23524,SRRM2,ALPQTPRPR,CL52,HSPC075_CL52,9940_HSPC075_T1492,T1492,ALPQT[+80]PRPR,Q9UQ35
